{
  "Core Engine": {
    "confidence": 78.01488447004823,
    "accuracy": 0.24081114496317985,
    "phase": 9,
    "memory": [
      "[10:47:45] Evolved (\u0394=+1.13) \u2192 Conf=76.1, Acc=50.6",
      "[10:52:45] Evolved (\u0394=-2.17) \u2192 Conf=74.4, Acc=48.9",
      "[10:57:45] Evolved (\u0394=+1.67) \u2192 Conf=76.2, Acc=50.8",
      "[11:02:45] Evolved (\u0394=+1.51) \u2192 Conf=76.9, Acc=50.8",
      "[11:07:45] Evolved (\u0394=-1.97) \u2192 Conf=74.2, Acc=49.0",
      "[11:12:45] Evolved (\u0394=+0.03) \u2192 Conf=76.2, Acc=50.0",
      "[11:17:45] Evolved (\u0394=-0.33) \u2192 Conf=75.8, Acc=49.8",
      "[11:22:45] Evolved (\u0394=+0.80) \u2192 Conf=76.4, Acc=50.4",
      "[11:27:45] Evolved (\u0394=+0.93) \u2192 Conf=77.7, Acc=50.5",
      "[11:32:45] Evolved (\u0394=-2.28) \u2192 Conf=76.2, Acc=48.9"
    ]
  },
  "Backtest": {
    "confidence": 80.66596127492554,
    "accuracy": 0.0,
    "phase": 9,
    "memory": [
      "[10:47:45] Evolved (\u0394=-0.13) \u2192 Conf=76.9, Acc=49.9",
      "[10:52:45] Evolved (\u0394=-0.80) \u2192 Conf=76.3, Acc=49.6",
      "[10:57:45] Evolved (\u0394=+1.20) \u2192 Conf=79.5, Acc=50.6",
      "[11:02:45] Evolved (\u0394=+1.96) \u2192 Conf=82.2, Acc=51.0",
      "[11:07:45] Evolved (\u0394=+0.89) \u2192 Conf=84.6, Acc=50.4",
      "[11:12:45] Evolved (\u0394=-0.22) \u2192 Conf=83.4, Acc=49.9",
      "[11:17:45] Evolved (\u0394=-0.92) \u2192 Conf=83.4, Acc=49.5",
      "[11:22:45] Evolved (\u0394=-2.26) \u2192 Conf=80.8, Acc=48.9",
      "[11:27:45] Evolved (\u0394=+0.55) \u2192 Conf=80.9, Acc=50.3",
      "[11:32:45] Evolved (\u0394=-1.44) \u2192 Conf=80.0, Acc=49.3"
    ]
  },
  "Sentiment": {
    "confidence": 85.73960167882225,
    "accuracy": 0.0,
    "phase": 9,
    "memory": [
      "[10:47:45] Evolved (\u0394=-2.16) \u2192 Conf=78.2, Acc=48.9",
      "[10:52:45] Evolved (\u0394=+0.17) \u2192 Conf=80.9, Acc=50.1",
      "[10:57:45] Evolved (\u0394=+2.21) \u2192 Conf=83.4, Acc=51.1",
      "[11:02:45] Evolved (\u0394=-2.21) \u2192 Conf=82.4, Acc=48.9",
      "[11:07:45] Evolved (\u0394=+1.20) \u2192 Conf=83.8, Acc=50.6",
      "[11:12:45] Evolved (\u0394=+2.32) \u2192 Conf=85.3, Acc=51.2",
      "[11:17:45] Evolved (\u0394=+0.10) \u2192 Conf=86.3, Acc=50.1",
      "[11:22:45] Evolved (\u0394=-0.74) \u2192 Conf=87.0, Acc=49.6",
      "[11:27:45] Evolved (\u0394=-1.33) \u2192 Conf=86.2, Acc=49.3",
      "[11:32:45] Evolved (\u0394=+0.71) \u2192 Conf=86.5, Acc=50.4"
    ]
  },
  "News": {
    "confidence": 71.48330148414938,
    "accuracy": 0.2436183134941085,
    "phase": 9,
    "memory": [
      "[10:47:45] Evolved (\u0394=+0.43) \u2192 Conf=73.5, Acc=50.2",
      "[10:52:45] Evolved (\u0394=+0.37) \u2192 Conf=74.8, Acc=50.2",
      "[10:57:45] Evolved (\u0394=-2.45) \u2192 Conf=70.9, Acc=48.8",
      "[11:02:45] Evolved (\u0394=-1.57) \u2192 Conf=69.6, Acc=49.2",
      "[11:07:45] Evolved (\u0394=+0.92) \u2192 Conf=70.3, Acc=50.5",
      "[11:12:45] Evolved (\u0394=+0.88) \u2192 Conf=71.6, Acc=50.4",
      "[11:17:45] Evolved (\u0394=+0.54) \u2192 Conf=72.1, Acc=50.3",
      "[11:22:45] Evolved (\u0394=-1.12) \u2192 Conf=72.0, Acc=49.4",
      "[11:27:45] Evolved (\u0394=+0.44) \u2192 Conf=72.9, Acc=50.2",
      "[11:32:45] Evolved (\u0394=-2.27) \u2192 Conf=69.9, Acc=48.9"
    ]
  },
  "Learning": {
    "confidence": 78.29987886887608,
    "accuracy": 0.07789531244738196,
    "phase": 9,
    "memory": [
      "[10:47:45] Evolved (\u0394=+2.49) \u2192 Conf=75.1, Acc=51.2",
      "[10:52:45] Evolved (\u0394=+1.46) \u2192 Conf=76.5, Acc=50.7",
      "[10:57:45] Evolved (\u0394=-1.79) \u2192 Conf=75.8, Acc=49.1",
      "[11:02:45] Evolved (\u0394=-1.75) \u2192 Conf=74.2, Acc=49.1",
      "[11:07:45] Evolved (\u0394=-2.27) \u2192 Conf=74.1, Acc=48.9",
      "[11:12:45] Evolved (\u0394=+0.86) \u2192 Conf=75.2, Acc=50.4",
      "[11:17:45] Evolved (\u0394=+0.93) \u2192 Conf=75.0, Acc=50.5",
      "[11:22:45] Evolved (\u0394=+0.90) \u2192 Conf=75.5, Acc=50.5",
      "[11:27:45] Evolved (\u0394=+0.60) \u2192 Conf=76.4, Acc=50.3",
      "[11:32:45] Evolved (\u0394=+0.04) \u2192 Conf=76.0, Acc=50.0"
    ]
  }
}